{
  "function": "detect",
  "avg_time": 15.853559730481356,
  "std_time": 0.10246289333109175,
  "fps": 0.06307731619904379,
  "cpu_usage": 12.475,
  "gpu_usage": 0.21800000000000003,
  "memory_usage": 21.730000000000004,
  "times": [
    15.870096065104008,
    15.719317662063986,
    15.706403750926256,
    16.032103257952258,
    15.983000135049224,
    15.841092157876119,
    15.796885933028534,
    15.902872344013304,
    15.770030512940139,
    15.913795485859737
  ]
}